Subset,Count,Percentage
Training,44529,0.7997736947033784
Validation,5555,0.0997718986295957
Test,5593,0.10045440666702588
